text,label
The socialist party advocates for wealth redistribution.,left
Progressive policies focus on income equality.,left
The left-leaning candidate supports environmental regulations.,left
Social justice is a key principle for the left.,left
Universal healthcare is a priority for the left.,left
Conservative values emphasize individual freedom.,right
The right-wing party supports lower taxes.,right
Traditional family values are important to the right.,right
Limited government intervention is a core belief of the right.,right
The right opposes gun control measures.,right
Balancing the budget is crucial for economic stability.,balance
A moderate approach can bridge political divides.,balance
Pragmatism is key to finding balanced solutions.,balance
Compromise is necessary for effective governance.,balance
Centrist policies seek common ground on important issues.,balance
The socialist party advocates for wealth redistribution.,left
Progressive policies focus on income equality.,left
The left-leaning candidate supports environmental regulations.,left
Social justice is a key principle for the left.,left
Universal healthcare is a priority for the left.,left
Conservative values emphasize individual freedom.,right
The right-wing party supports lower taxes.,right
Traditional family values are important to the right.,right
Limited government intervention is a core belief of the right.,right
The right opposes gun control measures.,right
Balancing the budget is crucial for economic stability.,balance
A moderate approach can bridge political divides.,balance
Pragmatism is key to finding balanced solutions.,balance
Compromise is necessary for effective governance.,balance
Centrist policies seek common ground on important issues.,balance